,filepath,blues,classical,country,disco,hiphop,jazz,metal,pop,reggae,rock
966,gtzan/genres_original/rock/rock.00066.wav,False,False,False,False,False,False,False,False,False,True
959,gtzan/genres_original/rock/rock.00059.wav,False,False,False,False,False,False,False,False,False,True
976,gtzan/genres_original/rock/rock.00076.wav,False,False,False,False,False,False,False,False,False,True
639,gtzan/genres_original/metal/metal.00039.wav,False,False,False,False,False,False,True,False,False,False
176,gtzan/genres_original/classical/classical.00076.wav,False,True,False,False,False,False,False,False,False,False
12,gtzan/genres_original/blues/blues.00012.wav,True,False,False,False,False,False,False,False,False,False
517,gtzan/genres_original/jazz/jazz.00017.wav,False,False,False,False,False,True,False,False,False,False
749,gtzan/genres_original/pop/pop.00049.wav,False,False,False,False,False,False,False,True,False,False
887,gtzan/genres_original/reggae/reggae.00087.wav,False,False,False,False,False,False,False,False,True,False
715,gtzan/genres_original/pop/pop.00015.wav,False,False,False,False,False,False,False,True,False,False
608,gtzan/genres_original/metal/metal.00008.wav,False,False,False,False,False,False,True,False,False,False
393,gtzan/genres_original/disco/disco.00093.wav,False,False,False,True,False,False,False,False,False,False
265,gtzan/genres_original/country/country.00065.wav,False,False,True,False,False,False,False,False,False,False
419,gtzan/genres_original/hiphop/hiphop.00019.wav,False,False,False,False,True,False,False,False,False,False
109,gtzan/genres_original/classical/classical.00009.wav,False,True,False,False,False,False,False,False,False,False
530,gtzan/genres_original/jazz/jazz.00030.wav,False,False,False,False,False,True,False,False,False,False
534,gtzan/genres_original/jazz/jazz.00034.wav,False,False,False,False,False,True,False,False,False,False
635,gtzan/genres_original/metal/metal.00035.wav,False,False,False,False,False,False,True,False,False,False
44,gtzan/genres_original/blues/blues.00044.wav,True,False,False,False,False,False,False,False,False,False
89,gtzan/genres_original/blues/blues.00089.wav,True,False,False,False,False,False,False,False,False,False
36,gtzan/genres_original/blues/blues.00036.wav,True,False,False,False,False,False,False,False,False,False
333,gtzan/genres_original/disco/disco.00033.wav,False,False,False,True,False,False,False,False,False,False
899,gtzan/genres_original/reggae/reggae.00099.wav,False,False,False,False,False,False,False,False,True,False
927,gtzan/genres_original/rock/rock.00027.wav,False,False,False,False,False,False,False,False,False,True
500,gtzan/genres_original/jazz/jazz.00000.wav,False,False,False,False,False,True,False,False,False,False
473,gtzan/genres_original/hiphop/hiphop.00073.wav,False,False,False,False,True,False,False,False,False,False
354,gtzan/genres_original/disco/disco.00054.wav,False,False,False,True,False,False,False,False,False,False
427,gtzan/genres_original/hiphop/hiphop.00027.wav,False,False,False,False,True,False,False,False,False,False
681,gtzan/genres_original/metal/metal.00081.wav,False,False,False,False,False,False,True,False,False,False
675,gtzan/genres_original/metal/metal.00075.wav,False,False,False,False,False,False,True,False,False,False
175,gtzan/genres_original/classical/classical.00075.wav,False,True,False,False,False,False,False,False,False,False
159,gtzan/genres_original/classical/classical.00059.wav,False,True,False,False,False,False,False,False,False,False
371,gtzan/genres_original/disco/disco.00071.wav,False,False,False,True,False,False,False,False,False,False
563,gtzan/genres_original/jazz/jazz.00063.wav,False,False,False,False,False,True,False,False,False,False
35,gtzan/genres_original/blues/blues.00035.wav,True,False,False,False,False,False,False,False,False,False
444,gtzan/genres_original/hiphop/hiphop.00044.wav,False,False,False,False,True,False,False,False,False,False
654,gtzan/genres_original/metal/metal.00054.wav,False,False,False,False,False,False,True,False,False,False
861,gtzan/genres_original/reggae/reggae.00061.wav,False,False,False,False,False,False,False,False,True,False
302,gtzan/genres_original/disco/disco.00002.wav,False,False,False,True,False,False,False,False,False,False
26,gtzan/genres_original/blues/blues.00026.wav,True,False,False,False,False,False,False,False,False,False
897,gtzan/genres_original/reggae/reggae.00097.wav,False,False,False,False,False,False,False,False,True,False
9,gtzan/genres_original/blues/blues.00009.wav,True,False,False,False,False,False,False,False,False,False
714,gtzan/genres_original/pop/pop.00014.wav,False,False,False,False,False,False,False,True,False,False
645,gtzan/genres_original/metal/metal.00045.wav,False,False,False,False,False,False,True,False,False,False
163,gtzan/genres_original/classical/classical.00063.wav,False,True,False,False,False,False,False,False,False,False
556,gtzan/genres_original/jazz/jazz.00056.wav,False,False,False,False,False,True,False,False,False,False
260,gtzan/genres_original/country/country.00060.wav,False,False,True,False,False,False,False,False,False,False
208,gtzan/genres_original/country/country.00008.wav,False,False,True,False,False,False,False,False,False,False
682,gtzan/genres_original/metal/metal.00082.wav,False,False,False,False,False,False,True,False,False,False
424,gtzan/genres_original/hiphop/hiphop.00024.wav,False,False,False,False,True,False,False,False,False,False
740,gtzan/genres_original/pop/pop.00040.wav,False,False,False,False,False,False,False,True,False,False
659,gtzan/genres_original/metal/metal.00059.wav,False,False,False,False,False,False,True,False,False,False
621,gtzan/genres_original/metal/metal.00021.wav,False,False,False,False,False,False,True,False,False,False
300,gtzan/genres_original/disco/disco.00000.wav,False,False,False,True,False,False,False,False,False,False
13,gtzan/genres_original/blues/blues.00013.wav,True,False,False,False,False,False,False,False,False,False
186,gtzan/genres_original/classical/classical.00086.wav,False,True,False,False,False,False,False,False,False,False
96,gtzan/genres_original/blues/blues.00096.wav,True,False,False,False,False,False,False,False,False,False
895,gtzan/genres_original/reggae/reggae.00095.wav,False,False,False,False,False,False,False,False,True,False
213,gtzan/genres_original/country/country.00013.wav,False,False,True,False,False,False,False,False,False,False
3,gtzan/genres_original/blues/blues.00003.wav,True,False,False,False,False,False,False,False,False,False
759,gtzan/genres_original/pop/pop.00059.wav,False,False,False,False,False,False,False,True,False,False
607,gtzan/genres_original/metal/metal.00007.wav,False,False,False,False,False,False,True,False,False,False
284,gtzan/genres_original/country/country.00084.wav,False,False,True,False,False,False,False,False,False,False
557,gtzan/genres_original/jazz/jazz.00057.wav,False,False,False,False,False,True,False,False,False,False
43,gtzan/genres_original/blues/blues.00043.wav,True,False,False,False,False,False,False,False,False,False
145,gtzan/genres_original/classical/classical.00045.wav,False,True,False,False,False,False,False,False,False,False
40,gtzan/genres_original/blues/blues.00040.wav,True,False,False,False,False,False,False,False,False,False
483,gtzan/genres_original/hiphop/hiphop.00083.wav,False,False,False,False,True,False,False,False,False,False
328,gtzan/genres_original/disco/disco.00028.wav,False,False,False,True,False,False,False,False,False,False
840,gtzan/genres_original/reggae/reggae.00040.wav,False,False,False,False,False,False,False,False,True,False
578,gtzan/genres_original/jazz/jazz.00078.wav,False,False,False,False,False,True,False,False,False,False
625,gtzan/genres_original/metal/metal.00025.wav,False,False,False,False,False,False,True,False,False,False
805,gtzan/genres_original/reggae/reggae.00005.wav,False,False,False,False,False,False,False,False,True,False
888,gtzan/genres_original/reggae/reggae.00088.wav,False,False,False,False,False,False,False,False,True,False
917,gtzan/genres_original/rock/rock.00017.wav,False,False,False,False,False,False,False,False,False,True
504,gtzan/genres_original/jazz/jazz.00004.wav,False,False,False,False,False,True,False,False,False,False
587,gtzan/genres_original/jazz/jazz.00087.wav,False,False,False,False,False,True,False,False,False,False
812,gtzan/genres_original/reggae/reggae.00012.wav,False,False,False,False,False,False,False,False,True,False
665,gtzan/genres_original/metal/metal.00065.wav,False,False,False,False,False,False,True,False,False,False
62,gtzan/genres_original/blues/blues.00062.wav,True,False,False,False,False,False,False,False,False,False
271,gtzan/genres_original/country/country.00071.wav,False,False,True,False,False,False,False,False,False,False
537,gtzan/genres_original/jazz/jazz.00037.wav,False,False,False,False,False,True,False,False,False,False
233,gtzan/genres_original/country/country.00033.wav,False,False,True,False,False,False,False,False,False,False
377,gtzan/genres_original/disco/disco.00077.wav,False,False,False,True,False,False,False,False,False,False
989,gtzan/genres_original/rock/rock.00089.wav,False,False,False,False,False,False,False,False,False,True
314,gtzan/genres_original/disco/disco.00014.wav,False,False,False,True,False,False,False,False,False,False
667,gtzan/genres_original/metal/metal.00067.wav,False,False,False,False,False,False,True,False,False,False
994,gtzan/genres_original/rock/rock.00094.wav,False,False,False,False,False,False,False,False,False,True
672,gtzan/genres_original/metal/metal.00072.wav,False,False,False,False,False,False,True,False,False,False
228,gtzan/genres_original/country/country.00028.wav,False,False,True,False,False,False,False,False,False,False
937,gtzan/genres_original/rock/rock.00037.wav,False,False,False,False,False,False,False,False,False,True
71,gtzan/genres_original/blues/blues.00071.wav,True,False,False,False,False,False,False,False,False,False
743,gtzan/genres_original/pop/pop.00043.wav,False,False,False,False,False,False,False,True,False,False
617,gtzan/genres_original/metal/metal.00017.wav,False,False,False,False,False,False,True,False,False,False
376,gtzan/genres_original/disco/disco.00076.wav,False,False,False,True,False,False,False,False,False,False
532,gtzan/genres_original/jazz/jazz.00032.wav,False,False,False,False,False,True,False,False,False,False
257,gtzan/genres_original/country/country.00057.wav,False,False,True,False,False,False,False,False,False,False
521,gtzan/genres_original/jazz/jazz.00021.wav,False,False,False,False,False,True,False,False,False,False
351,gtzan/genres_original/disco/disco.00051.wav,False,False,False,True,False,False,False,False,False,False
541,gtzan/genres_original/jazz/jazz.00041.wav,False,False,False,False,False,True,False,False,False,False
405,gtzan/genres_original/hiphop/hiphop.00005.wav,False,False,False,False,True,False,False,False,False,False
918,gtzan/genres_original/rock/rock.00018.wav,False,False,False,False,False,False,False,False,False,True
66,gtzan/genres_original/blues/blues.00066.wav,True,False,False,False,False,False,False,False,False,False
775,gtzan/genres_original/pop/pop.00075.wav,False,False,False,False,False,False,False,True,False,False
503,gtzan/genres_original/jazz/jazz.00003.wav,False,False,False,False,False,True,False,False,False,False
896,gtzan/genres_original/reggae/reggae.00096.wav,False,False,False,False,False,False,False,False,True,False
656,gtzan/genres_original/metal/metal.00056.wav,False,False,False,False,False,False,True,False,False,False
567,gtzan/genres_original/jazz/jazz.00067.wav,False,False,False,False,False,True,False,False,False,False
129,gtzan/genres_original/classical/classical.00029.wav,False,True,False,False,False,False,False,False,False,False
398,gtzan/genres_original/disco/disco.00098.wav,False,False,False,True,False,False,False,False,False,False
837,gtzan/genres_original/reggae/reggae.00037.wav,False,False,False,False,False,False,False,False,True,False
871,gtzan/genres_original/reggae/reggae.00071.wav,False,False,False,False,False,False,False,False,True,False
633,gtzan/genres_original/metal/metal.00033.wav,False,False,False,False,False,False,True,False,False,False
449,gtzan/genres_original/hiphop/hiphop.00049.wav,False,False,False,False,True,False,False,False,False,False
691,gtzan/genres_original/metal/metal.00091.wav,False,False,False,False,False,False,True,False,False,False
571,gtzan/genres_original/jazz/jazz.00071.wav,False,False,False,False,False,True,False,False,False,False
539,gtzan/genres_original/jazz/jazz.00039.wav,False,False,False,False,False,True,False,False,False,False
613,gtzan/genres_original/metal/metal.00013.wav,False,False,False,False,False,False,True,False,False,False
342,gtzan/genres_original/disco/disco.00042.wav,False,False,False,True,False,False,False,False,False,False
19,gtzan/genres_original/blues/blues.00019.wav,True,False,False,False,False,False,False,False,False,False
166,gtzan/genres_original/classical/classical.00066.wav,False,True,False,False,False,False,False,False,False,False
361,gtzan/genres_original/disco/disco.00061.wav,False,False,False,True,False,False,False,False,False,False
502,gtzan/genres_original/jazz/jazz.00002.wav,False,False,False,False,False,True,False,False,False,False
156,gtzan/genres_original/classical/classical.00056.wav,False,True,False,False,False,False,False,False,False,False
402,gtzan/genres_original/hiphop/hiphop.00002.wav,False,False,False,False,True,False,False,False,False,False
742,gtzan/genres_original/pop/pop.00042.wav,False,False,False,False,False,False,False,True,False,False
404,gtzan/genres_original/hiphop/hiphop.00004.wav,False,False,False,False,True,False,False,False,False,False
552,gtzan/genres_original/jazz/jazz.00052.wav,False,False,False,False,False,True,False,False,False,False
751,gtzan/genres_original/pop/pop.00051.wav,False,False,False,False,False,False,False,True,False,False
484,gtzan/genres_original/hiphop/hiphop.00084.wav,False,False,False,False,True,False,False,False,False,False
262,gtzan/genres_original/country/country.00062.wav,False,False,True,False,False,False,False,False,False,False
712,gtzan/genres_original/pop/pop.00012.wav,False,False,False,False,False,False,False,True,False,False
261,gtzan/genres_original/country/country.00061.wav,False,False,True,False,False,False,False,False,False,False
865,gtzan/genres_original/reggae/reggae.00065.wav,False,False,False,False,False,False,False,False,True,False
862,gtzan/genres_original/reggae/reggae.00062.wav,False,False,False,False,False,False,False,False,True,False
349,gtzan/genres_original/disco/disco.00049.wav,False,False,False,True,False,False,False,False,False,False
440,gtzan/genres_original/hiphop/hiphop.00040.wav,False,False,False,False,True,False,False,False,False,False
281,gtzan/genres_original/country/country.00081.wav,False,False,True,False,False,False,False,False,False,False
148,gtzan/genres_original/classical/classical.00048.wav,False,True,False,False,False,False,False,False,False,False
491,gtzan/genres_original/hiphop/hiphop.00091.wav,False,False,False,False,True,False,False,False,False,False
4,gtzan/genres_original/blues/blues.00004.wav,True,False,False,False,False,False,False,False,False,False
181,gtzan/genres_original/classical/classical.00081.wav,False,True,False,False,False,False,False,False,False,False
851,gtzan/genres_original/reggae/reggae.00051.wav,False,False,False,False,False,False,False,False,True,False
787,gtzan/genres_original/pop/pop.00087.wav,False,False,False,False,False,False,False,True,False,False
344,gtzan/genres_original/disco/disco.00044.wav,False,False,False,True,False,False,False,False,False,False
384,gtzan/genres_original/disco/disco.00084.wav,False,False,False,True,False,False,False,False,False,False
226,gtzan/genres_original/country/country.00026.wav,False,False,True,False,False,False,False,False,False,False
663,gtzan/genres_original/metal/metal.00063.wav,False,False,False,False,False,False,True,False,False,False
977,gtzan/genres_original/rock/rock.00077.wav,False,False,False,False,False,False,False,False,False,True
711,gtzan/genres_original/pop/pop.00011.wav,False,False,False,False,False,False,False,True,False,False
622,gtzan/genres_original/metal/metal.00022.wav,False,False,False,False,False,False,True,False,False,False
298,gtzan/genres_original/country/country.00098.wav,False,False,True,False,False,False,False,False,False,False
296,gtzan/genres_original/country/country.00096.wav,False,False,True,False,False,False,False,False,False,False
863,gtzan/genres_original/reggae/reggae.00063.wav,False,False,False,False,False,False,False,False,True,False
765,gtzan/genres_original/pop/pop.00065.wav,False,False,False,False,False,False,False,True,False,False
560,gtzan/genres_original/jazz/jazz.00060.wav,False,False,False,False,False,True,False,False,False,False
0,gtzan/genres_original/blues/blues.00000.wav,True,False,False,False,False,False,False,False,False,False
889,gtzan/genres_original/reggae/reggae.00089.wav,False,False,False,False,False,False,False,False,True,False
916,gtzan/genres_original/rock/rock.00016.wav,False,False,False,False,False,False,False,False,False,True
212,gtzan/genres_original/country/country.00012.wav,False,False,True,False,False,False,False,False,False,False
885,gtzan/genres_original/reggae/reggae.00085.wav,False,False,False,False,False,False,False,False,True,False
373,gtzan/genres_original/disco/disco.00073.wav,False,False,False,True,False,False,False,False,False,False
876,gtzan/genres_original/reggae/reggae.00076.wav,False,False,False,False,False,False,False,False,True,False
870,gtzan/genres_original/reggae/reggae.00070.wav,False,False,False,False,False,False,False,False,True,False
547,gtzan/genres_original/jazz/jazz.00047.wav,False,False,False,False,False,True,False,False,False,False
155,gtzan/genres_original/classical/classical.00055.wav,False,True,False,False,False,False,False,False,False,False
623,gtzan/genres_original/metal/metal.00023.wav,False,False,False,False,False,False,True,False,False,False
550,gtzan/genres_original/jazz/jazz.00050.wav,False,False,False,False,False,True,False,False,False,False
929,gtzan/genres_original/rock/rock.00029.wav,False,False,False,False,False,False,False,False,False,True
471,gtzan/genres_original/hiphop/hiphop.00071.wav,False,False,False,False,True,False,False,False,False,False
990,gtzan/genres_original/rock/rock.00090.wav,False,False,False,False,False,False,False,False,False,True
472,gtzan/genres_original/hiphop/hiphop.00072.wav,False,False,False,False,True,False,False,False,False,False
753,gtzan/genres_original/pop/pop.00053.wav,False,False,False,False,False,False,False,True,False,False
28,gtzan/genres_original/blues/blues.00028.wav,True,False,False,False,False,False,False,False,False,False
964,gtzan/genres_original/rock/rock.00064.wav,False,False,False,False,False,False,False,False,False,True
647,gtzan/genres_original/metal/metal.00047.wav,False,False,False,False,False,False,True,False,False,False
80,gtzan/genres_original/blues/blues.00080.wav,True,False,False,False,False,False,False,False,False,False
693,gtzan/genres_original/metal/metal.00093.wav,False,False,False,False,False,False,True,False,False,False
401,gtzan/genres_original/hiphop/hiphop.00001.wav,False,False,False,False,True,False,False,False,False,False
924,gtzan/genres_original/rock/rock.00024.wav,False,False,False,False,False,False,False,False,False,True
949,gtzan/genres_original/rock/rock.00049.wav,False,False,False,False,False,False,False,False,False,True
515,gtzan/genres_original/jazz/jazz.00015.wav,False,False,False,False,False,True,False,False,False,False
138,gtzan/genres_original/classical/classical.00038.wav,False,True,False,False,False,False,False,False,False,False
627,gtzan/genres_original/metal/metal.00027.wav,False,False,False,False,False,False,True,False,False,False
211,gtzan/genres_original/country/country.00011.wav,False,False,True,False,False,False,False,False,False,False
173,gtzan/genres_original/classical/classical.00073.wav,False,True,False,False,False,False,False,False,False,False
513,gtzan/genres_original/jazz/jazz.00013.wav,False,False,False,False,False,True,False,False,False,False
319,gtzan/genres_original/disco/disco.00019.wav,False,False,False,True,False,False,False,False,False,False
183,gtzan/genres_original/classical/classical.00083.wav,False,True,False,False,False,False,False,False,False,False
234,gtzan/genres_original/country/country.00034.wav,False,False,True,False,False,False,False,False,False,False
565,gtzan/genres_original/jazz/jazz.00065.wav,False,False,False,False,False,True,False,False,False,False
839,gtzan/genres_original/reggae/reggae.00039.wav,False,False,False,False,False,False,False,False,True,False
628,gtzan/genres_original/metal/metal.00028.wav,False,False,False,False,False,False,True,False,False,False
858,gtzan/genres_original/reggae/reggae.00058.wav,False,False,False,False,False,False,False,False,True,False
182,gtzan/genres_original/classical/classical.00082.wav,False,True,False,False,False,False,False,False,False,False
678,gtzan/genres_original/metal/metal.00078.wav,False,False,False,False,False,False,True,False,False,False
250,gtzan/genres_original/country/country.00050.wav,False,False,True,False,False,False,False,False,False,False
160,gtzan/genres_original/classical/classical.00060.wav,False,True,False,False,False,False,False,False,False,False
383,gtzan/genres_original/disco/disco.00083.wav,False,False,False,True,False,False,False,False,False,False
626,gtzan/genres_original/metal/metal.00026.wav,False,False,False,False,False,False,True,False,False,False
957,gtzan/genres_original/rock/rock.00057.wav,False,False,False,False,False,False,False,False,False,True
309,gtzan/genres_original/disco/disco.00009.wav,False,False,False,True,False,False,False,False,False,False
51,gtzan/genres_original/blues/blues.00051.wav,True,False,False,False,False,False,False,False,False,False
11,gtzan/genres_original/blues/blues.00011.wav,True,False,False,False,False,False,False,False,False,False
763,gtzan/genres_original/pop/pop.00063.wav,False,False,False,False,False,False,False,True,False,False
391,gtzan/genres_original/disco/disco.00091.wav,False,False,False,True,False,False,False,False,False,False
31,gtzan/genres_original/blues/blues.00031.wav,True,False,False,False,False,False,False,False,False,False
728,gtzan/genres_original/pop/pop.00028.wav,False,False,False,False,False,False,False,True,False,False
658,gtzan/genres_original/metal/metal.00058.wav,False,False,False,False,False,False,True,False,False,False
769,gtzan/genres_original/pop/pop.00069.wav,False,False,False,False,False,False,False,True,False,False
978,gtzan/genres_original/rock/rock.00078.wav,False,False,False,False,False,False,False,False,False,True
413,gtzan/genres_original/hiphop/hiphop.00013.wav,False,False,False,False,True,False,False,False,False,False
900,gtzan/genres_original/rock/rock.00000.wav,False,False,False,False,False,False,False,False,False,True
792,gtzan/genres_original/pop/pop.00092.wav,False,False,False,False,False,False,False,True,False,False
453,gtzan/genres_original/hiphop/hiphop.00053.wav,False,False,False,False,True,False,False,False,False,False
399,gtzan/genres_original/disco/disco.00099.wav,False,False,False,True,False,False,False,False,False,False
773,gtzan/genres_original/pop/pop.00073.wav,False,False,False,False,False,False,False,True,False,False
311,gtzan/genres_original/disco/disco.00011.wav,False,False,False,True,False,False,False,False,False,False
724,gtzan/genres_original/pop/pop.00024.wav,False,False,False,False,False,False,False,True,False,False
526,gtzan/genres_original/jazz/jazz.00026.wav,False,False,False,False,False,True,False,False,False,False
594,gtzan/genres_original/jazz/jazz.00094.wav,False,False,False,False,False,True,False,False,False,False
479,gtzan/genres_original/hiphop/hiphop.00079.wav,False,False,False,False,True,False,False,False,False,False
739,gtzan/genres_original/pop/pop.00039.wav,False,False,False,False,False,False,False,True,False,False
835,gtzan/genres_original/reggae/reggae.00035.wav,False,False,False,False,False,False,False,False,True,False
189,gtzan/genres_original/classical/classical.00089.wav,False,True,False,False,False,False,False,False,False,False
914,gtzan/genres_original/rock/rock.00014.wav,False,False,False,False,False,False,False,False,False,True
168,gtzan/genres_original/classical/classical.00068.wav,False,True,False,False,False,False,False,False,False,False
115,gtzan/genres_original/classical/classical.00015.wav,False,True,False,False,False,False,False,False,False,False
414,gtzan/genres_original/hiphop/hiphop.00014.wav,False,False,False,False,True,False,False,False,False,False
967,gtzan/genres_original/rock/rock.00067.wav,False,False,False,False,False,False,False,False,False,True
423,gtzan/genres_original/hiphop/hiphop.00023.wav,False,False,False,False,True,False,False,False,False,False
49,gtzan/genres_original/blues/blues.00049.wav,True,False,False,False,False,False,False,False,False,False
178,gtzan/genres_original/classical/classical.00078.wav,False,True,False,False,False,False,False,False,False,False
437,gtzan/genres_original/hiphop/hiphop.00037.wav,False,False,False,False,True,False,False,False,False,False
723,gtzan/genres_original/pop/pop.00023.wav,False,False,False,False,False,False,False,True,False,False
745,gtzan/genres_original/pop/pop.00045.wav,False,False,False,False,False,False,False,True,False,False
477,gtzan/genres_original/hiphop/hiphop.00077.wav,False,False,False,False,True,False,False,False,False,False
16,gtzan/genres_original/blues/blues.00016.wav,True,False,False,False,False,False,False,False,False,False
179,gtzan/genres_original/classical/classical.00079.wav,False,True,False,False,False,False,False,False,False,False
830,gtzan/genres_original/reggae/reggae.00030.wav,False,False,False,False,False,False,False,False,True,False
47,gtzan/genres_original/blues/blues.00047.wav,True,False,False,False,False,False,False,False,False,False
481,gtzan/genres_original/hiphop/hiphop.00081.wav,False,False,False,False,True,False,False,False,False,False
190,gtzan/genres_original/classical/classical.00090.wav,False,True,False,False,False,False,False,False,False,False
817,gtzan/genres_original/reggae/reggae.00017.wav,False,False,False,False,False,False,False,False,True,False
778,gtzan/genres_original/pop/pop.00078.wav,False,False,False,False,False,False,False,True,False,False
247,gtzan/genres_original/country/country.00047.wav,False,False,True,False,False,False,False,False,False,False
119,gtzan/genres_original/classical/classical.00019.wav,False,True,False,False,False,False,False,False,False,False
864,gtzan/genres_original/reggae/reggae.00064.wav,False,False,False,False,False,False,False,False,True,False
465,gtzan/genres_original/hiphop/hiphop.00065.wav,False,False,False,False,True,False,False,False,False,False
614,gtzan/genres_original/metal/metal.00014.wav,False,False,False,False,False,False,True,False,False,False
68,gtzan/genres_original/blues/blues.00068.wav,True,False,False,False,False,False,False,False,False,False
912,gtzan/genres_original/rock/rock.00012.wav,False,False,False,False,False,False,False,False,False,True
772,gtzan/genres_original/pop/pop.00072.wav,False,False,False,False,False,False,False,True,False,False
797,gtzan/genres_original/pop/pop.00097.wav,False,False,False,False,False,False,False,True,False,False
960,gtzan/genres_original/rock/rock.00060.wav,False,False,False,False,False,False,False,False,False,True
248,gtzan/genres_original/country/country.00048.wav,False,False,True,False,False,False,False,False,False,False
193,gtzan/genres_original/classical/classical.00093.wav,False,True,False,False,False,False,False,False,False,False
356,gtzan/genres_original/disco/disco.00056.wav,False,False,False,True,False,False,False,False,False,False
209,gtzan/genres_original/country/country.00009.wav,False,False,True,False,False,False,False,False,False,False
586,gtzan/genres_original/jazz/jazz.00086.wav,False,False,False,False,False,True,False,False,False,False
616,gtzan/genres_original/metal/metal.00016.wav,False,False,False,False,False,False,True,False,False,False
154,gtzan/genres_original/classical/classical.00054.wav,False,True,False,False,False,False,False,False,False,False
597,gtzan/genres_original/jazz/jazz.00097.wav,False,False,False,False,False,True,False,False,False,False
584,gtzan/genres_original/jazz/jazz.00084.wav,False,False,False,False,False,True,False,False,False,False
882,gtzan/genres_original/reggae/reggae.00082.wav,False,False,False,False,False,False,False,False,True,False
403,gtzan/genres_original/hiphop/hiphop.00003.wav,False,False,False,False,True,False,False,False,False,False
933,gtzan/genres_original/rock/rock.00033.wav,False,False,False,False,False,False,False,False,False,True
674,gtzan/genres_original/metal/metal.00074.wav,False,False,False,False,False,False,True,False,False,False
718,gtzan/genres_original/pop/pop.00018.wav,False,False,False,False,False,False,False,True,False,False
455,gtzan/genres_original/hiphop/hiphop.00055.wav,False,False,False,False,True,False,False,False,False,False
893,gtzan/genres_original/reggae/reggae.00093.wav,False,False,False,False,False,False,False,False,True,False
813,gtzan/genres_original/reggae/reggae.00013.wav,False,False,False,False,False,False,False,False,True,False
786,gtzan/genres_original/pop/pop.00086.wav,False,False,False,False,False,False,False,True,False,False
170,gtzan/genres_original/classical/classical.00070.wav,False,True,False,False,False,False,False,False,False,False
611,gtzan/genres_original/metal/metal.00011.wav,False,False,False,False,False,False,True,False,False,False
806,gtzan/genres_original/reggae/reggae.00006.wav,False,False,False,False,False,False,False,False,True,False
325,gtzan/genres_original/disco/disco.00025.wav,False,False,False,True,False,False,False,False,False,False
322,gtzan/genres_original/disco/disco.00022.wav,False,False,False,True,False,False,False,False,False,False
382,gtzan/genres_original/disco/disco.00082.wav,False,False,False,True,False,False,False,False,False,False
766,gtzan/genres_original/pop/pop.00066.wav,False,False,False,False,False,False,False,True,False,False
292,gtzan/genres_original/country/country.00092.wav,False,False,True,False,False,False,False,False,False,False
546,gtzan/genres_original/jazz/jazz.00046.wav,False,False,False,False,False,True,False,False,False,False
458,gtzan/genres_original/hiphop/hiphop.00058.wav,False,False,False,False,True,False,False,False,False,False
872,gtzan/genres_original/reggae/reggae.00072.wav,False,False,False,False,False,False,False,False,True,False
685,gtzan/genres_original/metal/metal.00085.wav,False,False,False,False,False,False,True,False,False,False
464,gtzan/genres_original/hiphop/hiphop.00064.wav,False,False,False,False,True,False,False,False,False,False
369,gtzan/genres_original/disco/disco.00069.wav,False,False,False,True,False,False,False,False,False,False
304,gtzan/genres_original/disco/disco.00004.wav,False,False,False,True,False,False,False,False,False,False
906,gtzan/genres_original/rock/rock.00006.wav,False,False,False,False,False,False,False,False,False,True
117,gtzan/genres_original/classical/classical.00017.wav,False,True,False,False,False,False,False,False,False,False
34,gtzan/genres_original/blues/blues.00034.wav,True,False,False,False,False,False,False,False,False,False
246,gtzan/genres_original/country/country.00046.wav,False,False,True,False,False,False,False,False,False,False
335,gtzan/genres_original/disco/disco.00035.wav,False,False,False,True,False,False,False,False,False,False
225,gtzan/genres_original/country/country.00025.wav,False,False,True,False,False,False,False,False,False,False
938,gtzan/genres_original/rock/rock.00038.wav,False,False,False,False,False,False,False,False,False,True
434,gtzan/genres_original/hiphop/hiphop.00034.wav,False,False,False,False,True,False,False,False,False,False
519,gtzan/genres_original/jazz/jazz.00019.wav,False,False,False,False,False,True,False,False,False,False
278,gtzan/genres_original/country/country.00078.wav,False,False,True,False,False,False,False,False,False,False
381,gtzan/genres_original/disco/disco.00081.wav,False,False,False,True,False,False,False,False,False,False
829,gtzan/genres_original/reggae/reggae.00029.wav,False,False,False,False,False,False,False,False,True,False
409,gtzan/genres_original/hiphop/hiphop.00009.wav,False,False,False,False,True,False,False,False,False,False
56,gtzan/genres_original/blues/blues.00056.wav,True,False,False,False,False,False,False,False,False,False
838,gtzan/genres_original/reggae/reggae.00038.wav,False,False,False,False,False,False,False,False,True,False
993,gtzan/genres_original/rock/rock.00093.wav,False,False,False,False,False,False,False,False,False,True
137,gtzan/genres_original/classical/classical.00037.wav,False,True,False,False,False,False,False,False,False,False
264,gtzan/genres_original/country/country.00064.wav,False,False,True,False,False,False,False,False,False,False
670,gtzan/genres_original/metal/metal.00070.wav,False,False,False,False,False,False,True,False,False,False
979,gtzan/genres_original/rock/rock.00079.wav,False,False,False,False,False,False,False,False,False,True
33,gtzan/genres_original/blues/blues.00033.wav,True,False,False,False,False,False,False,False,False,False
81,gtzan/genres_original/blues/blues.00081.wav,True,False,False,False,False,False,False,False,False,False
946,gtzan/genres_original/rock/rock.00046.wav,False,False,False,False,False,False,False,False,False,True
510,gtzan/genres_original/jazz/jazz.00010.wav,False,False,False,False,False,True,False,False,False,False
286,gtzan/genres_original/country/country.00086.wav,False,False,True,False,False,False,False,False,False,False
836,gtzan/genres_original/reggae/reggae.00036.wav,False,False,False,False,False,False,False,False,True,False
598,gtzan/genres_original/jazz/jazz.00098.wav,False,False,False,False,False,True,False,False,False,False
592,gtzan/genres_original/jazz/jazz.00092.wav,False,False,False,False,False,True,False,False,False,False
180,gtzan/genres_original/classical/classical.00080.wav,False,True,False,False,False,False,False,False,False,False
149,gtzan/genres_original/classical/classical.00049.wav,False,True,False,False,False,False,False,False,False,False
801,gtzan/genres_original/reggae/reggae.00001.wav,False,False,False,False,False,False,False,False,True,False
790,gtzan/genres_original/pop/pop.00090.wav,False,False,False,False,False,False,False,True,False,False
99,gtzan/genres_original/blues/blues.00099.wav,True,False,False,False,False,False,False,False,False,False
367,gtzan/genres_original/disco/disco.00067.wav,False,False,False,True,False,False,False,False,False,False
486,gtzan/genres_original/hiphop/hiphop.00086.wav,False,False,False,False,True,False,False,False,False,False
443,gtzan/genres_original/hiphop/hiphop.00043.wav,False,False,False,False,True,False,False,False,False,False
355,gtzan/genres_original/disco/disco.00055.wav,False,False,False,True,False,False,False,False,False,False
489,gtzan/genres_original/hiphop/hiphop.00089.wav,False,False,False,False,True,False,False,False,False,False
372,gtzan/genres_original/disco/disco.00072.wav,False,False,False,True,False,False,False,False,False,False
53,gtzan/genres_original/blues/blues.00053.wav,True,False,False,False,False,False,False,False,False,False
94,gtzan/genres_original/blues/blues.00094.wav,True,False,False,False,False,False,False,False,False,False
79,gtzan/genres_original/blues/blues.00079.wav,True,False,False,False,False,False,False,False,False,False
549,gtzan/genres_original/jazz/jazz.00049.wav,False,False,False,False,False,True,False,False,False,False
144,gtzan/genres_original/classical/classical.00044.wav,False,True,False,False,False,False,False,False,False,False
386,gtzan/genres_original/disco/disco.00086.wav,False,False,False,True,False,False,False,False,False,False
746,gtzan/genres_original/pop/pop.00046.wav,False,False,False,False,False,False,False,True,False,False
777,gtzan/genres_original/pop/pop.00077.wav,False,False,False,False,False,False,False,True,False,False
779,gtzan/genres_original/pop/pop.00079.wav,False,False,False,False,False,False,False,True,False,False
24,gtzan/genres_original/blues/blues.00024.wav,True,False,False,False,False,False,False,False,False,False
649,gtzan/genres_original/metal/metal.00049.wav,False,False,False,False,False,False,True,False,False,False
868,gtzan/genres_original/reggae/reggae.00068.wav,False,False,False,False,False,False,False,False,True,False
859,gtzan/genres_original/reggae/reggae.00059.wav,False,False,False,False,False,False,False,False,True,False
125,gtzan/genres_original/classical/classical.00025.wav,False,True,False,False,False,False,False,False,False,False
431,gtzan/genres_original/hiphop/hiphop.00031.wav,False,False,False,False,True,False,False,False,False,False
780,gtzan/genres_original/pop/pop.00080.wav,False,False,False,False,False,False,False,True,False,False
98,gtzan/genres_original/blues/blues.00098.wav,True,False,False,False,False,False,False,False,False,False
378,gtzan/genres_original/disco/disco.00078.wav,False,False,False,True,False,False,False,False,False,False
634,gtzan/genres_original/metal/metal.00034.wav,False,False,False,False,False,False,True,False,False,False
497,gtzan/genres_original/hiphop/hiphop.00097.wav,False,False,False,False,True,False,False,False,False,False
438,gtzan/genres_original/hiphop/hiphop.00038.wav,False,False,False,False,True,False,False,False,False,False
942,gtzan/genres_original/rock/rock.00042.wav,False,False,False,False,False,False,False,False,False,True
42,gtzan/genres_original/blues/blues.00042.wav,True,False,False,False,False,False,False,False,False,False
121,gtzan/genres_original/classical/classical.00021.wav,False,True,False,False,False,False,False,False,False,False
310,gtzan/genres_original/disco/disco.00010.wav,False,False,False,True,False,False,False,False,False,False
346,gtzan/genres_original/disco/disco.00046.wav,False,False,False,True,False,False,False,False,False,False
875,gtzan/genres_original/reggae/reggae.00075.wav,False,False,False,False,False,False,False,False,True,False
396,gtzan/genres_original/disco/disco.00096.wav,False,False,False,True,False,False,False,False,False,False
576,gtzan/genres_original/jazz/jazz.00076.wav,False,False,False,False,False,True,False,False,False,False
10,gtzan/genres_original/blues/blues.00010.wav,True,False,False,False,False,False,False,False,False,False
116,gtzan/genres_original/classical/classical.00016.wav,False,True,False,False,False,False,False,False,False,False
379,gtzan/genres_original/disco/disco.00079.wav,False,False,False,True,False,False,False,False,False,False
734,gtzan/genres_original/pop/pop.00034.wav,False,False,False,False,False,False,False,True,False,False
60,gtzan/genres_original/blues/blues.00060.wav,True,False,False,False,False,False,False,False,False,False
157,gtzan/genres_original/classical/classical.00057.wav,False,True,False,False,False,False,False,False,False,False
244,gtzan/genres_original/country/country.00044.wav,False,False,True,False,False,False,False,False,False,False
165,gtzan/genres_original/classical/classical.00065.wav,False,True,False,False,False,False,False,False,False,False
207,gtzan/genres_original/country/country.00007.wav,False,False,True,False,False,False,False,False,False,False
713,gtzan/genres_original/pop/pop.00013.wav,False,False,False,False,False,False,False,True,False,False
442,gtzan/genres_original/hiphop/hiphop.00042.wav,False,False,False,False,True,False,False,False,False,False
525,gtzan/genres_original/jazz/jazz.00025.wav,False,False,False,False,False,True,False,False,False,False
30,gtzan/genres_original/blues/blues.00030.wav,True,False,False,False,False,False,False,False,False,False
544,gtzan/genres_original/jazz/jazz.00044.wav,False,False,False,False,False,True,False,False,False,False
308,gtzan/genres_original/disco/disco.00008.wav,False,False,False,True,False,False,False,False,False,False
729,gtzan/genres_original/pop/pop.00029.wav,False,False,False,False,False,False,False,True,False,False
971,gtzan/genres_original/rock/rock.00071.wav,False,False,False,False,False,False,False,False,False,True
816,gtzan/genres_original/reggae/reggae.00016.wav,False,False,False,False,False,False,False,False,True,False
194,gtzan/genres_original/classical/classical.00094.wav,False,True,False,False,False,False,False,False,False,False
609,gtzan/genres_original/metal/metal.00009.wav,False,False,False,False,False,False,True,False,False,False
910,gtzan/genres_original/rock/rock.00010.wav,False,False,False,False,False,False,False,False,False,True
167,gtzan/genres_original/classical/classical.00067.wav,False,True,False,False,False,False,False,False,False,False
107,gtzan/genres_original/classical/classical.00007.wav,False,True,False,False,False,False,False,False,False,False
819,gtzan/genres_original/reggae/reggae.00019.wav,False,False,False,False,False,False,False,False,True,False
934,gtzan/genres_original/rock/rock.00034.wav,False,False,False,False,False,False,False,False,False,True
118,gtzan/genres_original/classical/classical.00018.wav,False,True,False,False,False,False,False,False,False,False
940,gtzan/genres_original/rock/rock.00040.wav,False,False,False,False,False,False,False,False,False,True
823,gtzan/genres_original/reggae/reggae.00023.wav,False,False,False,False,False,False,False,False,True,False
169,gtzan/genres_original/classical/classical.00069.wav,False,True,False,False,False,False,False,False,False,False
970,gtzan/genres_original/rock/rock.00070.wav,False,False,False,False,False,False,False,False,False,True
339,gtzan/genres_original/disco/disco.00039.wav,False,False,False,True,False,False,False,False,False,False
494,gtzan/genres_original/hiphop/hiphop.00094.wav,False,False,False,False,True,False,False,False,False,False
91,gtzan/genres_original/blues/blues.00091.wav,True,False,False,False,False,False,False,False,False,False
572,gtzan/genres_original/jazz/jazz.00072.wav,False,False,False,False,False,True,False,False,False,False
407,gtzan/genres_original/hiphop/hiphop.00007.wav,False,False,False,False,True,False,False,False,False,False
507,gtzan/genres_original/jazz/jazz.00007.wav,False,False,False,False,False,True,False,False,False,False
406,gtzan/genres_original/hiphop/hiphop.00006.wav,False,False,False,False,True,False,False,False,False,False
832,gtzan/genres_original/reggae/reggae.00032.wav,False,False,False,False,False,False,False,False,True,False
531,gtzan/genres_original/jazz/jazz.00031.wav,False,False,False,False,False,True,False,False,False,False
45,gtzan/genres_original/blues/blues.00045.wav,True,False,False,False,False,False,False,False,False,False
524,gtzan/genres_original/jazz/jazz.00024.wav,False,False,False,False,False,True,False,False,False,False
892,gtzan/genres_original/reggae/reggae.00092.wav,False,False,False,False,False,False,False,False,True,False
229,gtzan/genres_original/country/country.00029.wav,False,False,True,False,False,False,False,False,False,False
802,gtzan/genres_original/reggae/reggae.00002.wav,False,False,False,False,False,False,False,False,True,False
980,gtzan/genres_original/rock/rock.00080.wav,False,False,False,False,False,False,False,False,False,True
184,gtzan/genres_original/classical/classical.00084.wav,False,True,False,False,False,False,False,False,False,False
679,gtzan/genres_original/metal/metal.00079.wav,False,False,False,False,False,False,True,False,False,False
240,gtzan/genres_original/country/country.00040.wav,False,False,True,False,False,False,False,False,False,False
629,gtzan/genres_original/metal/metal.00029.wav,False,False,False,False,False,False,True,False,False,False
417,gtzan/genres_original/hiphop/hiphop.00017.wav,False,False,False,False,True,False,False,False,False,False
485,gtzan/genres_original/hiphop/hiphop.00085.wav,False,False,False,False,True,False,False,False,False,False
221,gtzan/genres_original/country/country.00021.wav,False,False,True,False,False,False,False,False,False,False
527,gtzan/genres_original/jazz/jazz.00027.wav,False,False,False,False,False,True,False,False,False,False
909,gtzan/genres_original/rock/rock.00009.wav,False,False,False,False,False,False,False,False,False,True
452,gtzan/genres_original/hiphop/hiphop.00052.wav,False,False,False,False,True,False,False,False,False,False
604,gtzan/genres_original/metal/metal.00004.wav,False,False,False,False,False,False,True,False,False,False
911,gtzan/genres_original/rock/rock.00011.wav,False,False,False,False,False,False,False,False,False,True
867,gtzan/genres_original/reggae/reggae.00067.wav,False,False,False,False,False,False,False,False,True,False
204,gtzan/genres_original/country/country.00004.wav,False,False,True,False,False,False,False,False,False,False
338,gtzan/genres_original/disco/disco.00038.wav,False,False,False,True,False,False,False,False,False,False
152,gtzan/genres_original/classical/classical.00052.wav,False,True,False,False,False,False,False,False,False,False
105,gtzan/genres_original/classical/classical.00005.wav,False,True,False,False,False,False,False,False,False,False
388,gtzan/genres_original/disco/disco.00088.wav,False,False,False,True,False,False,False,False,False,False
206,gtzan/genres_original/country/country.00006.wav,False,False,True,False,False,False,False,False,False,False
880,gtzan/genres_original/reggae/reggae.00080.wav,False,False,False,False,False,False,False,False,True,False
991,gtzan/genres_original/rock/rock.00091.wav,False,False,False,False,False,False,False,False,False,True
791,gtzan/genres_original/pop/pop.00091.wav,False,False,False,False,False,False,False,True,False,False
77,gtzan/genres_original/blues/blues.00077.wav,True,False,False,False,False,False,False,False,False,False
65,gtzan/genres_original/blues/blues.00065.wav,True,False,False,False,False,False,False,False,False,False
852,gtzan/genres_original/reggae/reggae.00052.wav,False,False,False,False,False,False,False,False,True,False
297,gtzan/genres_original/country/country.00097.wav,False,False,True,False,False,False,False,False,False,False
459,gtzan/genres_original/hiphop/hiphop.00059.wav,False,False,False,False,True,False,False,False,False,False
569,gtzan/genres_original/jazz/jazz.00069.wav,False,False,False,False,False,True,False,False,False,False
794,gtzan/genres_original/pop/pop.00094.wav,False,False,False,False,False,False,False,True,False,False
277,gtzan/genres_original/country/country.00077.wav,False,False,True,False,False,False,False,False,False,False
88,gtzan/genres_original/blues/blues.00088.wav,True,False,False,False,False,False,False,False,False,False
542,gtzan/genres_original/jazz/jazz.00042.wav,False,False,False,False,False,True,False,False,False,False
313,gtzan/genres_original/disco/disco.00013.wav,False,False,False,True,False,False,False,False,False,False
919,gtzan/genres_original/rock/rock.00019.wav,False,False,False,False,False,False,False,False,False,True
767,gtzan/genres_original/pop/pop.00067.wav,False,False,False,False,False,False,False,True,False,False
306,gtzan/genres_original/disco/disco.00006.wav,False,False,False,True,False,False,False,False,False,False
891,gtzan/genres_original/reggae/reggae.00091.wav,False,False,False,False,False,False,False,False,True,False
366,gtzan/genres_original/disco/disco.00066.wav,False,False,False,True,False,False,False,False,False,False
487,gtzan/genres_original/hiphop/hiphop.00087.wav,False,False,False,False,True,False,False,False,False,False
505,gtzan/genres_original/jazz/jazz.00005.wav,False,False,False,False,False,True,False,False,False,False
747,gtzan/genres_original/pop/pop.00047.wav,False,False,False,False,False,False,False,True,False,False
651,gtzan/genres_original/metal/metal.00051.wav,False,False,False,False,False,False,True,False,False,False
390,gtzan/genres_original/disco/disco.00090.wav,False,False,False,True,False,False,False,False,False,False
760,gtzan/genres_original/pop/pop.00060.wav,False,False,False,False,False,False,False,True,False,False
543,gtzan/genres_original/jazz/jazz.00043.wav,False,False,False,False,False,True,False,False,False,False
984,gtzan/genres_original/rock/rock.00084.wav,False,False,False,False,False,False,False,False,False,True
275,gtzan/genres_original/country/country.00075.wav,False,False,True,False,False,False,False,False,False,False
936,gtzan/genres_original/rock/rock.00036.wav,False,False,False,False,False,False,False,False,False,True
684,gtzan/genres_original/metal/metal.00084.wav,False,False,False,False,False,False,True,False,False,False
191,gtzan/genres_original/classical/classical.00091.wav,False,True,False,False,False,False,False,False,False,False
545,gtzan/genres_original/jazz/jazz.00045.wav,False,False,False,False,False,True,False,False,False,False
64,gtzan/genres_original/blues/blues.00064.wav,True,False,False,False,False,False,False,False,False,False
650,gtzan/genres_original/metal/metal.00050.wav,False,False,False,False,False,False,True,False,False,False
285,gtzan/genres_original/country/country.00085.wav,False,False,True,False,False,False,False,False,False,False
828,gtzan/genres_original/reggae/reggae.00028.wav,False,False,False,False,False,False,False,False,True,False
203,gtzan/genres_original/country/country.00003.wav,False,False,True,False,False,False,False,False,False,False
873,gtzan/genres_original/reggae/reggae.00073.wav,False,False,False,False,False,False,False,False,True,False
475,gtzan/genres_original/hiphop/hiphop.00075.wav,False,False,False,False,True,False,False,False,False,False
241,gtzan/genres_original/country/country.00041.wav,False,False,True,False,False,False,False,False,False,False
288,gtzan/genres_original/country/country.00088.wav,False,False,True,False,False,False,False,False,False,False
538,gtzan/genres_original/jazz/jazz.00038.wav,False,False,False,False,False,True,False,False,False,False
948,gtzan/genres_original/rock/rock.00048.wav,False,False,False,False,False,False,False,False,False,True
222,gtzan/genres_original/country/country.00022.wav,False,False,True,False,False,False,False,False,False,False
770,gtzan/genres_original/pop/pop.00070.wav,False,False,False,False,False,False,False,True,False,False
810,gtzan/genres_original/reggae/reggae.00010.wav,False,False,False,False,False,False,False,False,True,False
287,gtzan/genres_original/country/country.00087.wav,False,False,True,False,False,False,False,False,False,False
853,gtzan/genres_original/reggae/reggae.00053.wav,False,False,False,False,False,False,False,False,True,False
941,gtzan/genres_original/rock/rock.00041.wav,False,False,False,False,False,False,False,False,False,True
467,gtzan/genres_original/hiphop/hiphop.00067.wav,False,False,False,False,True,False,False,False,False,False
606,gtzan/genres_original/metal/metal.00006.wav,False,False,False,False,False,False,True,False,False,False
793,gtzan/genres_original/pop/pop.00093.wav,False,False,False,False,False,False,False,True,False,False
735,gtzan/genres_original/pop/pop.00035.wav,False,False,False,False,False,False,False,True,False,False
290,gtzan/genres_original/country/country.00090.wav,False,False,True,False,False,False,False,False,False,False
55,gtzan/genres_original/blues/blues.00055.wav,True,False,False,False,False,False,False,False,False,False
582,gtzan/genres_original/jazz/jazz.00082.wav,False,False,False,False,False,True,False,False,False,False
636,gtzan/genres_original/metal/metal.00036.wav,False,False,False,False,False,False,True,False,False,False
756,gtzan/genres_original/pop/pop.00056.wav,False,False,False,False,False,False,False,True,False,False
834,gtzan/genres_original/reggae/reggae.00034.wav,False,False,False,False,False,False,False,False,True,False
901,gtzan/genres_original/rock/rock.00001.wav,False,False,False,False,False,False,False,False,False,True
677,gtzan/genres_original/metal/metal.00077.wav,False,False,False,False,False,False,True,False,False,False
420,gtzan/genres_original/hiphop/hiphop.00020.wav,False,False,False,False,True,False,False,False,False,False
197,gtzan/genres_original/classical/classical.00097.wav,False,True,False,False,False,False,False,False,False,False
192,gtzan/genres_original/classical/classical.00092.wav,False,True,False,False,False,False,False,False,False,False
22,gtzan/genres_original/blues/blues.00022.wav,True,False,False,False,False,False,False,False,False,False
474,gtzan/genres_original/hiphop/hiphop.00074.wav,False,False,False,False,True,False,False,False,False,False
130,gtzan/genres_original/classical/classical.00030.wav,False,True,False,False,False,False,False,False,False,False
953,gtzan/genres_original/rock/rock.00053.wav,False,False,False,False,False,False,False,False,False,True
708,gtzan/genres_original/pop/pop.00008.wav,False,False,False,False,False,False,False,True,False,False
295,gtzan/genres_original/country/country.00095.wav,False,False,True,False,False,False,False,False,False,False
101,gtzan/genres_original/classical/classical.00001.wav,False,True,False,False,False,False,False,False,False,False
857,gtzan/genres_original/reggae/reggae.00057.wav,False,False,False,False,False,False,False,False,True,False
721,gtzan/genres_original/pop/pop.00021.wav,False,False,False,False,False,False,False,True,False,False
370,gtzan/genres_original/disco/disco.00070.wav,False,False,False,True,False,False,False,False,False,False
242,gtzan/genres_original/country/country.00042.wav,False,False,True,False,False,False,False,False,False,False
553,gtzan/genres_original/jazz/jazz.00053.wav,False,False,False,False,False,True,False,False,False,False
737,gtzan/genres_original/pop/pop.00037.wav,False,False,False,False,False,False,False,True,False,False
774,gtzan/genres_original/pop/pop.00074.wav,False,False,False,False,False,False,False,True,False,False
205,gtzan/genres_original/country/country.00005.wav,False,False,True,False,False,False,False,False,False,False
668,gtzan/genres_original/metal/metal.00068.wav,False,False,False,False,False,False,True,False,False,False
741,gtzan/genres_original/pop/pop.00041.wav,False,False,False,False,False,False,False,True,False,False
601,gtzan/genres_original/metal/metal.00001.wav,False,False,False,False,False,False,True,False,False,False
25,gtzan/genres_original/blues/blues.00025.wav,True,False,False,False,False,False,False,False,False,False
755,gtzan/genres_original/pop/pop.00055.wav,False,False,False,False,False,False,False,True,False,False
501,gtzan/genres_original/jazz/jazz.00001.wav,False,False,False,False,False,True,False,False,False,False
76,gtzan/genres_original/blues/blues.00076.wav,True,False,False,False,False,False,False,False,False,False
581,gtzan/genres_original/jazz/jazz.00081.wav,False,False,False,False,False,True,False,False,False,False
771,gtzan/genres_original/pop/pop.00071.wav,False,False,False,False,False,False,False,True,False,False
340,gtzan/genres_original/disco/disco.00040.wav,False,False,False,True,False,False,False,False,False,False
926,gtzan/genres_original/rock/rock.00026.wav,False,False,False,False,False,False,False,False,False,True
185,gtzan/genres_original/classical/classical.00085.wav,False,True,False,False,False,False,False,False,False,False
847,gtzan/genres_original/reggae/reggae.00047.wav,False,False,False,False,False,False,False,False,True,False
680,gtzan/genres_original/metal/metal.00080.wav,False,False,False,False,False,False,True,False,False,False
699,gtzan/genres_original/metal/metal.00099.wav,False,False,False,False,False,False,True,False,False,False
469,gtzan/genres_original/hiphop/hiphop.00069.wav,False,False,False,False,True,False,False,False,False,False
913,gtzan/genres_original/rock/rock.00013.wav,False,False,False,False,False,False,False,False,False,True
782,gtzan/genres_original/pop/pop.00082.wav,False,False,False,False,False,False,False,True,False,False
15,gtzan/genres_original/blues/blues.00015.wav,True,False,False,False,False,False,False,False,False,False
27,gtzan/genres_original/blues/blues.00027.wav,True,False,False,False,False,False,False,False,False,False
687,gtzan/genres_original/metal/metal.00087.wav,False,False,False,False,False,False,True,False,False,False
110,gtzan/genres_original/classical/classical.00010.wav,False,True,False,False,False,False,False,False,False,False
291,gtzan/genres_original/country/country.00091.wav,False,False,True,False,False,False,False,False,False,False
214,gtzan/genres_original/country/country.00014.wav,False,False,True,False,False,False,False,False,False,False
915,gtzan/genres_original/rock/rock.00015.wav,False,False,False,False,False,False,False,False,False,True
551,gtzan/genres_original/jazz/jazz.00051.wav,False,False,False,False,False,True,False,False,False,False
701,gtzan/genres_original/pop/pop.00001.wav,False,False,False,False,False,False,False,True,False,False
315,gtzan/genres_original/disco/disco.00015.wav,False,False,False,True,False,False,False,False,False,False
259,gtzan/genres_original/country/country.00059.wav,False,False,True,False,False,False,False,False,False,False
364,gtzan/genres_original/disco/disco.00064.wav,False,False,False,True,False,False,False,False,False,False
641,gtzan/genres_original/metal/metal.00041.wav,False,False,False,False,False,False,True,False,False,False
642,gtzan/genres_original/metal/metal.00042.wav,False,False,False,False,False,False,True,False,False,False
514,gtzan/genres_original/jazz/jazz.00014.wav,False,False,False,False,False,True,False,False,False,False
599,gtzan/genres_original/jazz/jazz.00099.wav,False,False,False,False,False,True,False,False,False,False
975,gtzan/genres_original/rock/rock.00075.wav,False,False,False,False,False,False,False,False,False,True
220,gtzan/genres_original/country/country.00020.wav,False,False,True,False,False,False,False,False,False,False
996,gtzan/genres_original/rock/rock.00096.wav,False,False,False,False,False,False,False,False,False,True
78,gtzan/genres_original/blues/blues.00078.wav,True,False,False,False,False,False,False,False,False,False
120,gtzan/genres_original/classical/classical.00020.wav,False,True,False,False,False,False,False,False,False,False
430,gtzan/genres_original/hiphop/hiphop.00030.wav,False,False,False,False,True,False,False,False,False,False
435,gtzan/genres_original/hiphop/hiphop.00035.wav,False,False,False,False,True,False,False,False,False,False
139,gtzan/genres_original/classical/classical.00039.wav,False,True,False,False,False,False,False,False,False,False
947,gtzan/genres_original/rock/rock.00047.wav,False,False,False,False,False,False,False,False,False,True
263,gtzan/genres_original/country/country.00063.wav,False,False,True,False,False,False,False,False,False,False
570,gtzan/genres_original/jazz/jazz.00070.wav,False,False,False,False,False,True,False,False,False,False
7,gtzan/genres_original/blues/blues.00007.wav,True,False,False,False,False,False,False,False,False,False
928,gtzan/genres_original/rock/rock.00028.wav,False,False,False,False,False,False,False,False,False,True
410,gtzan/genres_original/hiphop/hiphop.00010.wav,False,False,False,False,True,False,False,False,False,False
968,gtzan/genres_original/rock/rock.00068.wav,False,False,False,False,False,False,False,False,False,True
998,gtzan/genres_original/rock/rock.00098.wav,False,False,False,False,False,False,False,False,False,True
312,gtzan/genres_original/disco/disco.00012.wav,False,False,False,True,False,False,False,False,False,False
395,gtzan/genres_original/disco/disco.00095.wav,False,False,False,True,False,False,False,False,False,False
253,gtzan/genres_original/country/country.00053.wav,False,False,True,False,False,False,False,False,False,False
196,gtzan/genres_original/classical/classical.00096.wav,False,True,False,False,False,False,False,False,False,False
843,gtzan/genres_original/reggae/reggae.00043.wav,False,False,False,False,False,False,False,False,True,False
827,gtzan/genres_original/reggae/reggae.00027.wav,False,False,False,False,False,False,False,False,True,False
365,gtzan/genres_original/disco/disco.00065.wav,False,False,False,True,False,False,False,False,False,False
441,gtzan/genres_original/hiphop/hiphop.00041.wav,False,False,False,False,True,False,False,False,False,False
962,gtzan/genres_original/rock/rock.00062.wav,False,False,False,False,False,False,False,False,False,True
640,gtzan/genres_original/metal/metal.00040.wav,False,False,False,False,False,False,True,False,False,False
153,gtzan/genres_original/classical/classical.00053.wav,False,True,False,False,False,False,False,False,False,False
709,gtzan/genres_original/pop/pop.00009.wav,False,False,False,False,False,False,False,True,False,False
988,gtzan/genres_original/rock/rock.00088.wav,False,False,False,False,False,False,False,False,False,True
270,gtzan/genres_original/country/country.00070.wav,False,False,True,False,False,False,False,False,False,False
781,gtzan/genres_original/pop/pop.00081.wav,False,False,False,False,False,False,False,True,False,False
301,gtzan/genres_original/disco/disco.00001.wav,False,False,False,True,False,False,False,False,False,False
757,gtzan/genres_original/pop/pop.00057.wav,False,False,False,False,False,False,False,True,False,False
436,gtzan/genres_original/hiphop/hiphop.00036.wav,False,False,False,False,True,False,False,False,False,False
18,gtzan/genres_original/blues/blues.00018.wav,True,False,False,False,False,False,False,False,False,False
883,gtzan/genres_original/reggae/reggae.00083.wav,False,False,False,False,False,False,False,False,True,False
719,gtzan/genres_original/pop/pop.00019.wav,False,False,False,False,False,False,False,True,False,False
931,gtzan/genres_original/rock/rock.00031.wav,False,False,False,False,False,False,False,False,False,True
230,gtzan/genres_original/country/country.00030.wav,False,False,True,False,False,False,False,False,False,False
603,gtzan/genres_original/metal/metal.00003.wav,False,False,False,False,False,False,True,False,False,False
374,gtzan/genres_original/disco/disco.00074.wav,False,False,False,True,False,False,False,False,False,False
5,gtzan/genres_original/blues/blues.00005.wav,True,False,False,False,False,False,False,False,False,False
124,gtzan/genres_original/classical/classical.00024.wav,False,True,False,False,False,False,False,False,False,False
809,gtzan/genres_original/reggae/reggae.00009.wav,False,False,False,False,False,False,False,False,True,False
358,gtzan/genres_original/disco/disco.00058.wav,False,False,False,True,False,False,False,False,False,False
280,gtzan/genres_original/country/country.00080.wav,False,False,True,False,False,False,False,False,False,False
217,gtzan/genres_original/country/country.00017.wav,False,False,True,False,False,False,False,False,False,False
922,gtzan/genres_original/rock/rock.00022.wav,False,False,False,False,False,False,False,False,False,True
67,gtzan/genres_original/blues/blues.00067.wav,True,False,False,False,False,False,False,False,False,False
706,gtzan/genres_original/pop/pop.00006.wav,False,False,False,False,False,False,False,True,False,False
814,gtzan/genres_original/reggae/reggae.00014.wav,False,False,False,False,False,False,False,False,True,False
478,gtzan/genres_original/hiphop/hiphop.00078.wav,False,False,False,False,True,False,False,False,False,False
470,gtzan/genres_original/hiphop/hiphop.00070.wav,False,False,False,False,True,False,False,False,False,False
692,gtzan/genres_original/metal/metal.00092.wav,False,False,False,False,False,False,True,False,False,False
123,gtzan/genres_original/classical/classical.00023.wav,False,True,False,False,False,False,False,False,False,False
39,gtzan/genres_original/blues/blues.00039.wav,True,False,False,False,False,False,False,False,False,False
245,gtzan/genres_original/country/country.00045.wav,False,False,True,False,False,False,False,False,False,False
945,gtzan/genres_original/rock/rock.00045.wav,False,False,False,False,False,False,False,False,False,True
648,gtzan/genres_original/metal/metal.00048.wav,False,False,False,False,False,False,True,False,False,False
187,gtzan/genres_original/classical/classical.00087.wav,False,True,False,False,False,False,False,False,False,False
652,gtzan/genres_original/metal/metal.00052.wav,False,False,False,False,False,False,True,False,False,False
70,gtzan/genres_original/blues/blues.00070.wav,True,False,False,False,False,False,False,False,False,False
236,gtzan/genres_original/country/country.00036.wav,False,False,True,False,False,False,False,False,False,False
432,gtzan/genres_original/hiphop/hiphop.00032.wav,False,False,False,False,True,False,False,False,False,False
426,gtzan/genres_original/hiphop/hiphop.00026.wav,False,False,False,False,True,False,False,False,False,False
380,gtzan/genres_original/disco/disco.00080.wav,False,False,False,True,False,False,False,False,False,False
